start_x,start_y,start_z,end_x,end_y,end_z,segment_start,segment_end,segment_length
491542.0581,5918507.0931,3,491515.5536000002,5918850.070499999,3,0.000000,343.999979,343.999979
491515.5536000002,5918850.070499999,3,491515.4765999997,5918851.067600001,-1,343.999979,348.123101,4.123122
491515.4765999997,5918851.067600001,-1,491420.9389000004,5920074.4202,-1,348.123101,1575.123085,1226.999984
491420.9389000004,5920074.4202,-1,491419.7467,5920089.3727,-1,1575.123085,1590.123038,14.999953
491419.7467,5920089.3727,-1,491417.4685000004,5920115.272600001,-1,1590.123038,1616.122942,25.999904
491417.4685000004,5920115.272600001,-1,491414.81769999955,5920142.142000001,-1,1616.122942,1643.122783,26.999841
491414.81769999955,5920142.142000001,-1,491411.9910000004,5920167.9878,-1,1643.122783,1669.122699,25.999916
491411.9910000004,5920167.9878,-1,491408.8956000004,5920193.8027,-1,1669.122699,1695.122517,25.999819
491408.8956000004,5920193.8027,-1,491405.5318999998,5920219.584100001,-1,1695.122517,1721.122422,25.999905
491405.5318999998,5920219.584100001,-1,491401.90029999986,5920245.3291,-1,1721.122422,1747.122298,25.999876
491401.90029999986,5920245.3291,-1,491398.0011999998,5920271.035,-1,1747.122298,1773.122227,25.999928
491398.0011999998,5920271.035,-1,491393.83490000013,5920296.698899999,-1,1773.122227,1799.122108,25.999881
491393.83490000013,5920296.698899999,-1,491389.2260999996,5920323.3025,-1,1799.122108,1826.121970,26.999862
491389.2260999996,5920323.3025,-1,491384.33029999956,5920349.854800001,-1,1826.121970,1853.121850,26.999879
491384.33029999956,5920349.854800001,-1,491378.9506000001,5920377.332900001,-1,1853.121850,1881.121620,27.999771
491378.9506000001,5920377.332900001,-1,491373.4718000004,5920403.7711,-1,1881.121620,1908.121540,26.999920
491373.4718000004,5920403.7711,-1,491367.7078999998,5920430.148600001,-1,1908.121540,1935.121448,26.999908
491367.7078999998,5920430.148600001,-1,491361.65940000024,5920456.462200001,-1,1935.121448,1962.121261,26.999813
491361.65940000024,5920456.462200001,-1,491355.32710000034,5920482.709000001,-1,1962.121261,1989.121123,26.999862
491355.32710000034,5920482.709000001,-1,491348.71169999987,5920508.8859,-1,1989.121123,2016.121005,26.999882
491348.71169999987,5920508.8859,-1,491341.81400000025,5920534.989800001,-1,2016.121005,2043.120854,26.999849
491341.81400000025,5920534.989800001,-1,491334.6347000003,5920561.0177,-1,2043.120854,2070.120741,26.999888
491334.6347000003,5920561.0177,-1,491326.8931999998,5920587.926100001,-1,2070.120741,2098.120613,27.999872
491326.8931999998,5920587.926100001,-1,491319.1431,5920613.789799999,-1,2098.120613,2125.120521,26.999908
491319.1431,5920613.789799999,-1,491311.1141999997,5920639.5682,-1,2125.120521,2152.120320,26.999799
491311.1141999997,5920639.5682,-1,491302.80730000045,5920665.2585,-1,2152.120320,2179.120248,26.999928
491302.80730000045,5920665.2585,-1,491294.2235000003,5920690.8575,-1,2179.120248,2206.120070,26.999823
491294.2235000003,5920690.8575,-1,491285.36369999964,5920716.362299999,-1,2206.120070,2233.119901,26.999831
491285.36369999964,5920716.362299999,-1,491276.22890000045,5920741.77,-1,2233.119901,2260.119823,26.999922
491276.22890000045,5920741.77,-1,491266.8202999998,5920767.0776,-1,2260.119823,2287.119756,26.999933
491266.8202999998,5920767.0776,-1,491257.13900000043,5920792.282,-1,2287.119756,2314.119559,26.999803
491257.13900000043,5920792.282,-1,491246.8121999996,5920818.3079,-1,2314.119559,2342.119385,27.999826
491246.8121999996,5920818.3079,-1,491236.5787000004,5920843.293299999,-1,2342.119385,2369.119288,26.999903
491236.5787000004,5920843.293299999,-1,491226.07600000035,5920868.1667,-1,2369.119288,2396.119153,26.999865
491226.07600000035,5920868.1667,-1,491215.3053000001,5920892.9252,-1,2396.119153,2423.118992,26.999839
491215.3053000001,5920892.9252,-1,491204.26779999956,5920917.566,-1,2423.118992,2450.118908,26.999915
491204.26779999956,5920917.566,-1,491192.54110000003,5920942.991900001,-1,2450.118908,2478.118763,27.999855
491192.54110000003,5920942.991900001,-1,491180.9643000001,5920967.3839,-1,2478.118763,2505.118614,26.999851
491180.9643000001,5920967.3839,-1,491169.12459999975,5920991.6493999995,-1,2505.118614,2532.118484,26.999870
491169.12459999975,5920991.6493999995,-1,491157.0236999998,5921015.785700001,-1,2532.118484,2559.118350,26.999866
491157.0236999998,5921015.785700001,-1,491144.19990000036,5921040.6763,-1,2559.118350,2587.118204,27.999854
491144.19990000036,5921040.6763,-1,491131.5708999997,5921064.5405,-1,2587.118204,2614.118050,26.999846
491131.5708999997,5921064.5405,-1,491118.68489999976,5921088.267000001,-1,2614.118050,2641.117972,26.999922
491118.68489999976,5921088.267000001,-1,491105.54339999985,5921111.8528,-1,2641.117972,2668.117768,26.999796
491105.54339999985,5921111.8528,-1,491093.6487999996,5921132.697899999,-1,2668.117768,2692.117762,23.999994
491093.6487999996,5921132.697899999,-1,491081.5547000002,5921153.4277,-1,2692.117762,2716.117592,23.999830
491081.5547000002,5921153.4277,-1,491069.26209999993,5921174.0405,-1,2716.117592,2740.117499,23.999907
491069.26209999993,5921174.0405,-1,491056.2474999996,5921195.3857,-1,2740.117499,2765.117447,24.999948
491056.2474999996,5921195.3857,-1,491043.5532999998,5921215.7535999995,-1,2765.117447,2789.117323,23.999876
491043.5532999998,5921215.7535999995,-1,491030.66420000046,5921235.9988,-1,2789.117323,2813.117261,23.999938
491030.66420000046,5921235.9988,-1,491017.5812999997,5921256.119200001,-1,2813.117261,2837.117110,23.999849
491017.5812999997,5921256.119200001,-1,491003.74849999975,5921276.943499999,-1,2837.117110,2862.117067,24.999957
491003.74849999975,5921276.943499999,-1,490990.2737999996,5921296.8037,-1,2862.117067,2886.116964,23.999898
490990.2737999996,5921296.8037,-1,490976.6090000002,5921316.533600001,-1,2886.116964,2910.116875,23.999911
490976.6090000002,5921316.533600001,-1,490962.75549999997,5921336.1314,-1,2910.116875,2934.116734,23.999859
490962.75549999997,5921336.1314,-1,490948.1253000004,5921356.4034,-1,2934.116734,2959.116669,24.999935
490948.1253000004,5921356.4034,-1,490933.8903000001,5921375.726,-1,2959.116669,2983.116629,23.999960
490933.8903000001,5921375.726,-1,490919.4704999998,5921394.911,-1,2983.116629,3007.116522,23.999893
490919.4704999998,5921394.911,-1,490904.2548000002,5921414.747199999,-1,3007.116522,3032.116369,24.999847
490904.2548000002,5921414.747199999,-1,490889.46169999987,5921433.6459,-1,3032.116369,3056.116300,23.999931
490889.46169999987,5921433.6459,-1,490874.4879999999,5921452.401799999,-1,3056.116300,3080.116205,23.999906
490874.4879999999,5921452.401799999,-1,490858.69959999993,5921471.7853,-1,3080.116205,3105.116078,24.999873
490858.69959999993,5921471.7853,-1,490843.36110000033,5921490.244000001,-1,3105.116078,3129.115936,23.999858
490843.36110000033,5921490.244000001,-1,490827.84609999973,5921508.5547,-1,3129.115936,3153.115873,23.999937
490827.84609999973,5921508.5547,-1,490811.49849999975,5921527.4690000005,-1,3153.115873,3178.115768,24.999895
490811.49849999975,5921527.4690000005,-1,490795.62760000024,5921545.472100001,-1,3178.115768,3202.115708,23.999939
490795.62760000024,5921545.472100001,-1,490779.5845999997,5921563.322000001,-1,3202.115708,3226.115640,23.999933
490779.5845999997,5921563.322000001,-1,490763.3710000003,5921581.017000001,-1,3226.115640,3250.115512,23.999872
490763.3710000003,5921581.017000001,-1,490738.7340000002,5921607.265699999,-1,3250.115512,3286.115179,35.999667
490738.7340000002,5921607.265699999,-1,490713.7215999998,5921633.157,-1,3286.115179,3322.114896,35.999716
490713.7215999998,5921633.157,-1,490713.0214999998,5921633.870999999,-2,3322.114896,3323.529086,1.414191
490713.0214999998,5921633.870999999,-2,490698.95969999954,5921648.093,-2,3323.529086,3343.529074,19.999988
490698.95969999954,5921648.093,-2,490681.2231999999,5921665.7115,-2,3343.529074,3368.528974,24.999899
490681.2231999999,5921665.7115,-2,490662.59130000044,5921683.8456,-2,3368.528974,3394.528844,25.999871
490662.59130000044,5921683.8456,-2,490644.49909999967,5921701.0986,-2,3394.528844,3419.528718,24.999874
490644.49909999967,5921701.0986,-2,490626.2352,5921718.1698,-2,3419.528718,3444.528637,24.999918
490626.2352,5921718.1698,-2,490610.7622999996,5921732.368000001,-2,3444.528637,3465.528625,20.999989
490610.7622999996,5921732.368000001,-2,490595.9157999996,5921745.7687,-2,3465.528625,3485.528558,19.999933
490595.9157999996,5921745.7687,-2,490580.9626000002,5921759.0502,-2,3485.528558,3505.528469,19.999911
490580.9626000002,5921759.0502,-2,490565.1479000002,5921772.866599999,-2,3505.528469,3526.528413,20.999944
490565.1479000002,5921772.866599999,-2,490188.6645999998,5922097.319,-2,3526.528413,4023.528448,497.000035
490188.6645999998,5922097.319,-2,490187.9071000004,5922097.9717999995,-3,4023.528448,4024.942646,1.414197
490187.9071000004,5922097.9717999995,-3,490137.91060000006,5922141.0572,-3,4024.942646,4090.942659,66.000013
490137.91060000006,5922141.0572,-3,490137.15309999976,5922141.710000001,-4,4090.942659,4092.356856,1.414197
490137.15309999976,5922141.710000001,-4,489649.3086000001,5922562.119100001,-4,4092.356856,4736.356908,644.000052
489649.3086000001,5922562.119100001,-4,489648.5510999998,5922562.7719,-5,4736.356908,4737.771106,1.414197
489648.5510999998,5922562.7719,-5,489321.30140000023,5922844.7853999995,-5,4737.771106,5169.771083,431.999977
489321.30140000023,5922844.7853999995,-5,489309.91060000006,5922854.5449,-5,5169.771083,5184.771022,14.999939
489309.91060000006,5922854.5449,-5,489309.14910000004,5922855.1931,-6,5184.771022,5186.185251,1.414230
489309.14910000004,5922855.1931,-6,489284.6458999999,5922875.7742,-6,5186.185251,5218.185072,31.999820
489284.6458999999,5922875.7742,-6,489264.5444,5922892.2643,-6,5218.185072,5244.184950,25.999879
489264.5444,5922892.2643,-6,489243.4894000003,5922909.1664,-6,5244.184950,5271.184839,26.999889
489243.4894000003,5922909.1664,-6,489223.04289999977,5922925.226600001,-6,5271.184839,5297.184635,25.999796
489223.04289999977,5922925.226600001,-6,489202.43039999995,5922941.0734,-6,5297.184635,5323.184563,25.999927
489202.43039999995,5922941.0734,-6,489181.65419999976,5922956.7049,-6,5323.184563,5349.184453,25.999890
489181.65419999976,5922956.7049,-6,489160.7165999999,5922972.1195,-6,5349.184453,5375.184318,25.999865
489160.7165999999,5922972.1195,-6,489139.61980000045,5922987.3156,-6,5375.184318,5401.184249,25.999931
489139.61980000045,5922987.3156,-6,489118.3661000002,5923002.2914,-6,5401.184249,5427.184140,25.999891
489118.3661000002,5923002.2914,-6,489096.1314000003,5923017.6084,-6,5427.184140,5454.183999,26.999859
489096.1314000003,5923017.6084,-6,489074.56510000024,5923032.1303,-6,5454.183999,5480.183824,25.999825
489074.56510000024,5923032.1303,-6,489052.8487999998,5923046.427100001,-6,5480.183824,5506.183750,25.999926
489052.8487999998,5923046.427100001,-6,489030.98510000017,5923060.497300001,-6,5506.183750,5532.183595,25.999844
489030.98510000017,5923060.497300001,-6,489008.9762000004,5923074.339400001,-6,5532.183595,5558.183506,25.999912
489008.9762000004,5923074.339400001,-6,488985.9698000001,5923088.470799999,-6,5558.183506,5585.183338,26.999832
488985.9698000001,5923088.470799999,-6,488963.6723999996,5923101.8432,-6,5585.183338,5611.183244,25.999906
488963.6723999996,5923101.8432,-6,488941.2372000003,5923114.982999999,-6,5611.183244,5637.183101,25.999857
488941.2372000003,5923114.982999999,-6,488908.20430000033,5923133.765900001,-6,5637.183101,5675.182704,37.999603
488908.20430000033,5923133.765900001,-6,488891.5817,5923142.968599999,-6,5675.182704,5694.182717,19.000014
488891.5817,5923142.968599999,-6,488874.0092000002,5923152.5188,-6,5694.182717,5714.182694,19.999977
488874.0092000002,5923152.5188,-6,488857.24509999994,5923161.460999999,-6,5714.182694,5733.182641,18.999947
488857.24509999994,5923161.460999999,-6,488839.5258999998,5923170.736,-6,5733.182641,5753.182533,19.999892
488839.5258999998,5923170.736,-6,488805.6573000001,5923187.966499999,-6,5753.182533,5791.182167,37.999634
488805.6573000001,5923187.966499999,-6,488788.6257999996,5923196.3883,-6,5791.182167,5810.182133,18.999966
488788.6257999996,5923196.3883,-6,488770.62930000015,5923205.1131,-6,5810.182133,5830.182037,19.999904
488770.62930000015,5923205.1131,-6,488736.2461000001,5923221.2925,-6,5830.182037,5868.181740,37.999703
488736.2461000001,5923221.2925,-6,488701.6211000001,5923236.9475,-6,5868.181740,5906.181341,37.999601
488701.6211000001,5923236.9475,-6,488683.30289999954,5923244.975,-6,5906.181341,5926.181271,19.999930
488683.30289999954,5923244.975,-6,488665.8415999999,5923252.4651999995,-6,5926.181271,5945.181273,19.000002
488665.8415999999,5923252.4651999995,-6,488648.324,5923259.8225,-6,5945.181273,5964.181173,18.999899
488648.324,5923259.8225,-6,488629.8245000001,5923267.423,-6,5964.181173,5984.181150,19.999978
488629.8245000001,5923267.423,-6,488594.51049999986,5923281.455,-6,5984.181150,6022.180829,37.999679
488594.51049999986,5923281.455,-6,488558.9874,5923294.9487,-6,6022.180829,6060.180442,37.999613
488558.9874,5923294.9487,-6,488541.1500000004,5923301.492699999,-6,6060.180442,6079.180357,18.999915
488541.1500000004,5923301.492699999,-6,488522.3205000004,5923308.2344,-6,6079.180357,6099.180372,20.000015
488522.3205000004,5923308.2344,-6,488501.5466,5923315.476,-6,6099.180372,6121.180274,21.999902
488501.5466,5923315.476,-6,488480.7098000003,5923322.534600001,-6,6121.180274,6143.180185,21.999911
488480.7098000003,5923322.534600001,-6,488479.7611999996,5923322.8511,-7,6143.180185,6144.594403,1.414219
488479.7611999996,5923322.8511,-7,488456.95720000006,5923330.332800001,-7,6144.594403,6168.594367,23.999964
488456.95720000006,5923330.332800001,-7,488436.94570000004,5923336.6994,-7,6168.594367,6189.594217,20.999851
488436.94570000004,5923336.6994,-7,488416.88129999954,5923342.897700001,-7,6189.594217,6210.594195,20.999978
488416.88129999954,5923342.897700001,-7,488396.7655999996,5923348.927200001,-7,6210.594195,6231.594106,20.999911
488396.7655999996,5923348.927200001,-7,488376.5998999998,5923354.787599999,-7,6231.594106,6252.594100,20.999994
488376.5998999998,5923354.787599999,-7,488339.9874,5923364.9607,-7,6252.594100,6290.593667,37.999567
488339.9874,5923364.9607,-7,488321.6242000004,5923369.838300001,-7,6290.593667,6309.593617,18.999950
488321.6242000004,5923369.838300001,-7,488302.2549999999,5923374.821599999,-7,6309.593617,6329.593597,19.999980
488302.2549999999,5923374.821599999,-7,488265.3465,5923383.862400001,-7,6329.593597,6367.593248,37.999650
488265.3465,5923383.862400001,-7,488246.8417999996,5923388.1722,-7,6367.593248,6386.593203,18.999955
488246.8417999996,5923388.1722,-7,488227.3284,5923392.556700001,-7,6386.593203,6406.593118,19.999915
488227.3284,5923392.556700001,-7,488190.159,5923400.456599999,-7,6406.593118,6444.592759,37.999641
488190.159,5923400.456599999,-7,488170.5491000004,5923404.3872,-7,6444.592759,6464.592704,19.999945
488170.5491000004,5923404.3872,-7,488151.89109999966,5923407.9759,-7,6464.592704,6483.592697,18.999993
488151.89109999966,5923407.9759,-7,488114.4961000001,5923414.727499999,-7,6483.592697,6521.592304,37.999607
488114.4961000001,5923414.727499999,-7,488094.7745000003,5923418.0524,-7,6521.592304,6541.592216,19.999912
488094.7745000003,5923418.0524,-7,488076.0148,5923421.0648,-7,6541.592216,6560.592239,19.000024
488076.0148,5923421.0648,-7,488056.24370000046,5923424.081700001,-7,6560.592239,6580.592191,19.999952
488056.24370000046,5923424.081700001,-7,488037.43939999957,5923426.801100001,-7,6580.592191,6599.592108,18.999917
488037.43939999957,5923426.801100001,-7,487999.77139999997,5923431.810799999,-7,6599.592108,6637.591783,37.999675
487999.77139999997,5923431.810799999,-7,487979.9167999998,5923434.2173999995,-7,6637.591783,6657.591705,19.999922
487979.9167999998,5923434.2173999995,-7,487961.0377000002,5923436.3564,-7,6657.591705,6676.591593,18.999888
487961.0377000002,5923436.3564,-7,487923.23330000043,5923440.2038,-7,6676.591593,6714.591266,37.999673
487923.23330000043,5923440.2038,-7,487885.37480000034,5923443.4761,-7,6714.591266,6752.590923,37.999657
487885.37480000034,5923443.4761,-7,487847.4709999999,5923446.172700001,-7,6752.590923,6790.590525,37.999601
487847.4709999999,5923446.172700001,-7,487827.50629999954,5923447.360400001,-7,6790.590525,6810.590521,19.999997
487827.50629999954,5923447.360400001,-7,487808.53170000017,5923448.3407000005,-7,6810.590521,6829.590428,18.999906
487808.53170000017,5923448.3407000005,-7,487770.5628000004,5923449.8686999995,-7,6829.590428,6867.590061,37.999634
487770.5628000004,5923449.8686999995,-7,487734.57469999976,5923450.7838,-7,6867.590061,6903.589794,35.999733
487734.57469999976,5923450.7838,-7,487697.5772000002,5923451.1842,-7,6903.589794,6940.589460,36.999667
487697.5772000002,5923451.1842,-7,487660.5778999999,5923451.0370000005,-7,6940.589460,6977.589053,36.999593
487660.5778999999,5923451.0370000005,-7,487623.58469999954,5923450.3422,-7,6977.589053,7014.588777,36.999724
487623.58469999954,5923450.3422,-7,487097.7720999997,5923436.3036,-7,7014.588777,7540.588751,525.999974
487097.7720999997,5923436.3036,-7,487096.77249999996,5923436.276900001,-8,7540.588751,7542.002934,1.414183
487096.77249999996,5923436.276900001,-8,485437.3638000004,5923391.9716,-8,7542.002934,9202.002992,1660.000058
485437.3638000004,5923391.9716,-8,485436.3641999997,5923391.9449000005,-9,9202.002992,9203.417175,1.414183
485436.3641999997,5923391.9449000005,-9,484330.75820000004,5923362.425799999,-9,9203.417175,10309.417177,1106.000002
484330.75820000004,5923362.425799999,-9,484329.75850000046,5923362.3991,-10,10309.417177,10310.831431,1.414254
484329.75850000046,5923362.3991,-10,483776.95550000016,5923347.6395,-10,10310.831431,10863.831433,553.000002
483776.95550000016,5923347.6395,-10,483775.9559000004,5923347.6128,-11,10863.831433,10865.245616,1.414183
483775.9559000004,5923347.6128,-11,483501.0537999999,5923340.2731,-11,10865.245616,11140.245681,275.000065
483501.0537999999,5923340.2731,-11,483500.05420000013,5923340.2464000005,-12,11140.245681,11141.659864,1.414183
483500.05420000013,5923340.2464000005,-12,482947.2511999998,5923325.4869,-12,11141.659864,11694.659864,553.000000
482947.2511999998,5923325.4869,-12,482946.2516000001,5923325.460200001,-13,11694.659864,11696.074046,1.414183
482946.2516000001,5923325.460200001,-13,482394.44820000045,5923310.727299999,-13,11696.074046,12248.074092,552.000046
482394.44820000045,5923310.727299999,-13,482393.44859999977,5923310.7006,-14,12248.074092,12249.488275,1.414183
482393.44859999977,5923310.7006,-14,482117.5469000004,5923303.3342,-14,12249.488275,12525.488297,276.000022
482117.5469000004,5923303.3342,-14,482116.5471999999,5923303.307499999,-15,12525.488297,12526.902550,1.414254
482116.5471999999,5923303.307499999,-15,480652.06909999996,5923264.207,-15,12526.902550,13991.902535,1464.999984
480652.06909999996,5923264.207,-15,480625.0751,5923263.6456,-15,13991.902535,14018.902372,26.999837
480625.0751,5923263.6456,-15,480598.07660000026,5923263.3758000005,-15,14018.902372,14045.902220,26.999848
480598.07660000026,5923263.3758000005,-15,480569.0767999999,5923263.410800001,-15,14045.902220,14074.902041,28.999821
480569.0767999999,5923263.410800001,-15,480541.07909999974,5923263.763699999,-15,14074.902041,14102.901965,27.999924
480541.07909999974,5923263.763699999,-15,480513.08719999995,5923264.430199999,-15,14102.901965,14130.901799,27.999834
480513.08719999995,5923264.430199999,-15,480485.10450000037,5923265.4102,-15,14130.901799,14158.901654,27.999855
480485.10450000037,5923265.4102,-15,480457.1344999997,5923266.703500001,-15,14158.901654,14186.901538,27.999884
480457.1344999997,5923266.703500001,-15,480456.1359000001,5923266.7555,-14,14186.901538,14188.315719,1.414180
480456.1359000001,5923266.7555,-14,480436.16750000045,5923267.879000001,-14,14188.315719,14208.315700,19.999981
480436.16750000045,5923267.879000001,-14,480417.2065000003,5923269.0943,-14,14208.315700,14227.315607,18.999907
480417.2065000003,5923269.0943,-14,480397.2581000002,5923270.529200001,-14,14227.315607,14247.315547,19.999940
480397.2581000002,5923270.529200001,-14,480377.32180000003,5923272.1236000005,-14,14247.315547,14267.315501,19.999954
480377.32180000003,5923272.1236000005,-14,480348.4382999996,5923274.718699999,-14,14267.315501,14296.315348,28.999847
480348.4382999996,5923274.718699999,-14,480320.58110000007,5923277.542099999,-14,14296.315348,14324.315262,27.999914
480320.58110000007,5923277.542099999,-14,480292.75739999954,5923280.677200001,-14,14324.315262,14352.315032,27.999770
480292.75739999954,5923280.677200001,-14,480264.9704999998,5923284.1238,-14,14352.315032,14380.314869,27.999837
480264.9704999998,5923284.1238,-14,480244.15660000034,5923286.912900001,-14,14380.314869,14401.314810,20.999941
480244.15660000034,5923286.912900001,-14,480223.36679999996,5923289.876700001,-14,14401.314810,14422.314807,20.999997
480223.36679999996,5923289.876700001,-14,480202.6026999997,5923293.015000001,-14,14422.314807,14443.314731,20.999923
480202.6026999997,5923293.015000001,-14,480180.8788999999,5923296.489700001,-14,14443.314731,14465.314663,21.999932
480180.8788999999,5923296.489700001,-14,480179.89219999965,5923296.6522,-13,14465.314663,14466.728871,1.414208
480179.89219999965,5923296.6522,-13,480158.20129999984,5923300.3266,-13,14466.728871,14488.728788,21.999917
480158.20129999984,5923300.3266,-13,480131.6261,5923305.0967999995,-13,14488.728788,14515.728715,26.999927
480131.6261,5923305.0967999995,-13,480104.1228,5923310.3465,-13,14515.728715,14543.728552,27.999837
480104.1228,5923310.3465,-13,480076.6799999997,5923315.903899999,-13,14543.728552,14571.728408,27.999857
480076.6799999997,5923315.903899999,-13,480049.30119999964,5923321.768300001,-13,14571.728408,14599.728228,27.999819
480049.30119999964,5923321.768300001,-13,480022.9639999997,5923327.713300001,-13,14599.728228,14626.728063,26.999836
480022.9639999997,5923327.713300001,-13,479995.72080000024,5923334.1786,-13,14626.728063,14654.727921,27.999858
479995.72080000024,5923334.1786,-13,479969.5207000002,5923340.7015,-13,14654.727921,14681.727800,26.999879
479969.5207000002,5923340.7015,-13,479942.4263000004,5923347.7645,-13,14681.727800,14709.727666,27.999866
479942.4263000004,5923347.7645,-13,479923.12239999976,5923352.995100001,-13,14709.727666,14729.727659,19.999993
479923.12239999976,5923352.995100001,-13,479903.86099999957,5923358.379899999,-13,14729.727659,14749.727599,19.999940
479903.86099999957,5923358.379899999,-13,479902.89910000004,5923358.6532000005,-12,14749.727599,14751.141793,1.414194
479902.89910000004,5923358.6532000005,-12,479871.2176000001,5923367.8872,-12,14751.141793,14784.141554,32.999761
479871.2176000001,5923367.8872,-12,479838.7065000003,5923377.8375,-12,14784.141554,14818.141261,33.999707
479838.7065000003,5923377.8375,-12,479812.0362,5923386.363299999,-12,14818.141261,14846.141157,27.999896
479812.0362,5923386.363299999,-12,479785.4631000003,5923395.1872000005,-12,14846.141157,14874.140994,27.999837
479785.4631000003,5923395.1872000005,-12,479758.0469000004,5923404.6394,-12,14874.140994,14903.140858,28.999864
479758.0469000004,5923404.6394,-12,479731.6819000002,5923414.0669,-12,14903.140858,14931.140697,27.999839
479731.6819000002,5923414.0669,-12,479701.6819000002,5923425.2019,-12,14931.140697,14963.140513,31.999816
479701.6819000002,5923425.2019,-12,479671.8269999996,5923436.720000001,-12,14963.140513,14995.140226,31.999714
479671.8269999996,5923436.720000001,-12,479642.1218999997,5923448.6193,-12,14995.140226,15027.140012,31.999786
479642.1218999997,5923448.6193,-12,479612.5714999996,5923460.8978,-12,15027.140012,15059.139820,31.999808
479612.5714999996,5923460.8978,-12,479583.1807000004,5923473.5535,-12,15059.139820,15091.139599,31.999779
479583.1807000004,5923473.5535,-12,479553.95430000033,5923486.5844,-12,15091.139599,15123.139393,31.999794
479553.95430000033,5923486.5844,-12,479524.8970999997,5923499.988299999,-12,15123.139393,15155.139165,31.999772
479524.8970999997,5923499.988299999,-12,479496.01379999984,5923513.7631,-12,15155.139165,15187.139011,31.999846
479496.01379999984,5923513.7631,-12,479466.4151999997,5923528.3542,-12,15187.139011,15220.138668,32.999656
479466.4151999997,5923528.3542,-12,479437.8997999998,5923542.8752,-12,15220.138668,15252.138472,31.999804
479437.8997999998,5923542.8752,-12,479409.5725999996,5923557.76,-12,15252.138472,15284.138277,31.999805
479409.5725999996,5923557.76,-12,479381.43819999974,5923573.006100001,-12,15284.138277,15316.138090,31.999813
479381.43819999974,5923573.006100001,-12,479351.7619000003,5923589.598200001,-12,15316.138090,15350.137804,33.999714
479351.7619000003,5923589.598200001,-12,479350.8925000001,5923590.0923,-11,15350.137804,15351.552015,1.414210
479350.8925000001,5923590.0923,-11,479341.34219999984,5923595.5504,-11,15351.552015,15362.551973,10.999958
479341.34219999984,5923595.5504,-11,479324.0398000004,5923605.581700001,-11,15362.551973,15382.551974,20.000001
479324.0398000004,5923605.581700001,-11,479306.8183000004,5923615.7511,-11,15382.551974,15402.551893,19.999919
479306.8183000004,5923615.7511,-11,479289.6786000002,5923626.0579,-11,15402.551893,15422.551879,19.999986
479289.6786000002,5923626.0579,-11,479272.62200000044,5923636.501499999,-11,15422.551879,15442.551788,19.999910
479272.62200000044,5923636.501499999,-11,479245.5066999998,5923653.494100001,-11,15442.551788,15474.551600,31.999812
479245.5066999998,5923653.494100001,-11,479218.61120000016,5923670.8323,-11,15474.551600,15506.551305,31.999705
479218.61120000016,5923670.8323,-11,479191.9397,5923688.5134,-11,15506.551305,15538.551152,31.999847
479191.9397,5923688.5134,-11,479165.49679999985,5923706.534399999,-11,15538.551152,15570.550892,31.999741
479165.49679999985,5923706.534399999,-11,479139.28670000006,5923724.8925,-11,15570.550892,15602.550723,31.999831
479139.28670000006,5923724.8925,-11,479113.3136999998,5923743.5845,-11,15602.550723,15634.550529,31.999806
479113.3136999998,5923743.5845,-11,479087.58210000023,5923762.6074,-11,15634.550529,15666.550310,31.999781
479087.58210000023,5923762.6074,-11,479062.88879999984,5923781.3484000005,-11,15666.550310,15697.550054,30.999744
479062.88879999984,5923781.3484000005,-11,479037.64470000006,5923801.013699999,-11,15697.550054,15729.549876,31.999822
479037.64470000006,5923801.013699999,-11,479012.65440000035,5923821.000399999,-11,15729.549876,15761.549615,31.999739
479012.65440000035,5923821.000399999,-11,478987.9219000004,5923841.305400001,-11,15761.549615,15793.549452,31.999837
478987.9219000004,5923841.305400001,-11,478963.45139999967,5923861.9252,-11,15793.549452,15825.549163,31.999711
478963.45139999967,5923861.9252,-11,478939.24679999985,5923882.8566,-11,15825.549163,15857.548947,31.999784
478939.24679999985,5923882.8566,-11,478915.31209999975,5923904.096100001,-11,15857.548947,15889.548732,31.999785
478915.31209999975,5923904.096100001,-11,478891.6512000002,5923925.6402,-11,15889.548732,15921.548520,31.999788
478891.6512000002,5923925.6402,-11,478868.26800000016,5923947.485400001,-11,15921.548520,15953.548314,31.999794
478868.26800000016,5923947.485400001,-11,478846.6019000001,5923968.2356,-11,15953.548314,15983.548159,29.999845
478846.6019000001,5923968.2356,-11,478825.17899999954,5923989.2368,-11,15983.548159,16013.548010,29.999851
478825.17899999954,5923989.2368,-11,478824.46729999967,5923989.939300001,-12,16013.548010,16014.962231,1.414222
478824.46729999967,5923989.939300001,-12,478249.4315999998,5924557.563999999,-12,16014.962231,16822.962142,807.999911
478249.4315999998,5924557.563999999,-12,478248.7198999999,5924558.2665,-13,16822.962142,16824.376364,1.414222
478248.7198999999,5924558.2665,-13,477881.4940999998,5924920.7596,-13,16824.376364,17340.376399,516.000035
477881.4940999998,5924920.7596,-13,477880.7823999999,5924921.462099999,-14,17340.376399,17341.790620,1.414222
477880.7823999999,5924921.462099999,-14,477423.88520000037,5925372.470899999,-14,17341.790620,17983.790612,641.999991
477423.88520000037,5925372.470899999,-14,477423.17349999957,5925373.1734,-15,17983.790612,17985.204834,1.414222
477423.17349999957,5925373.1734,-15,476937.8092,5925852.282400001,-15,17985.204834,18667.204788,681.999954
476937.8092,5925852.282400001,-15,476937.09750000015,5925852.9849,-14,18667.204788,18668.619010,1.414222
476937.09750000015,5925852.9849,-14,476934.2507999996,5925855.795,-14,18668.619010,18672.619055,4.000045
476934.2507999996,5925855.795,-14,476873.0465000002,5925916.2105,-14,18672.619055,18758.619049,85.999994
476873.0465000002,5925916.2105,-14,476872.3348000003,5925916.913000001,-15,18758.619049,18760.033271,1.414222
476872.3348000003,5925916.913000001,-15,476465.96669999976,5926318.0438,-15,18760.033271,19331.033228,570.999957
476465.96669999976,5926318.0438,-15,476465.2549999999,5926318.746300001,-14,19331.033228,19332.447450,1.414222
476465.2549999999,5926318.746300001,-14,476332.17119999975,5926450.1149,-14,19332.447450,19519.447468,187.000018
476332.17119999975,5926450.1149,-14,476047.50009999983,5926731.1173,-14,19519.447468,19919.447448,399.999980
476047.50009999983,5926731.1173,-14,476046.78839999996,5926731.819800001,-15,19919.447448,19920.861670,1.414222
476046.78839999996,5926731.819800001,-15,475994.1242000004,5926783.805299999,-15,19920.861670,19994.861739,74.000069
475994.1242000004,5926783.805299999,-15,475993.4126000004,5926784.5078,-14,19994.861739,19996.275910,1.414171
475993.4126000004,5926784.5078,-14,475861.75210000016,5926914.4713,-14,19996.275910,20181.275907,184.999996
475861.75210000016,5926914.4713,-14,475772.7923999997,5927002.284600001,-14,20181.275907,20306.275922,125.000016
475772.7923999997,5927002.284600001,-14,475772.0806999998,5927002.9871,-15,20306.275922,20307.690144,1.414222
475772.0806999998,5927002.9871,-15,475521.5701000001,5927250.269200001,-15,20307.690144,20659.690141,351.999997
475521.5701000001,5927250.269200001,-15,475520.85840000026,5927250.9717,-14,20659.690141,20661.104362,1.414222
475520.85840000026,5927250.9717,-14,475497.37310000043,5927274.1544,-14,20661.104362,20694.104315,32.999953
475497.37310000043,5927274.1544,-14,475496.66139999963,5927274.856899999,-15,20694.104315,20695.518537,1.414222
475496.66139999963,5927274.856899999,-15,474947.2460000003,5927817.191400001,-15,20695.518537,21467.518532,771.999995
474947.2460000003,5927817.191400001,-15,474946.5343000004,5927817.8939,-16,21467.518532,21468.932753,1.414222
474946.5343000004,5927817.8939,-16,474867.5393000003,5927895.873299999,-16,21468.932753,21579.932739,110.999986
474867.5393000003,5927895.873299999,-16,474848.4495000001,5927914.9671,-16,21579.932739,21606.932622,26.999883
474848.4495000001,5927914.9671,-16,474822.6264000004,5927941.4651,-16,21606.932622,21643.932304,36.999682
474822.6264000004,5927941.4651,-16,474797.88040000014,5927967.611099999,-16,21643.932304,21679.931996,35.999692
474797.88040000014,5927967.611099999,-16,474773.5133999996,5927994.1106,-16,21679.931996,21715.931638,35.999642
474773.5133999996,5927994.1106,-16,474748.8699000003,5928021.709000001,-16,21715.931638,21752.931283,36.999646
474748.8699000003,5928021.709000001,-16,474724.6375000002,5928049.6691,-16,21752.931283,21789.930964,36.999681
474724.6375000002,5928049.6691,-16,474701.45969999954,5928077.2149,-16,21789.930964,21825.930708,35.999743
474701.45969999954,5928077.2149,-16,474678.68099999987,5928105.091499999,-16,21825.930708,21861.930347,35.999639
474678.68099999987,5928105.091499999,-16,474656.30599999987,5928133.293199999,-16,21861.930347,21897.930020,35.999674
474656.30599999987,5928133.293199999,-16,474634.33939999994,5928161.814200001,-16,21897.930020,21933.929728,35.999708
474634.33939999994,5928161.814200001,-16,474612.19299999997,5928191.4539,-16,21933.929728,21970.929388,36.999660
474612.19299999997,5928191.4539,-16,474591.06850000005,5928220.6041,-16,21970.929388,22006.929092,35.999704
474591.06850000005,5928220.6041,-16,474569.79700000025,5928250.877800001,-16,22006.929092,22043.928735,36.999644
474569.79700000025,5928250.877800001,-16,474549.53249999974,5928280.632300001,-16,22043.928735,22079.928461,35.999725
474549.53249999974,5928280.632300001,-16,474529.69859999977,5928310.6755,-16,22079.928461,22115.928148,35.999687
474529.69859999977,5928310.6755,-16,474510.2993999999,5928341.0012,-16,22115.928148,22151.927829,35.999681
474510.2993999999,5928341.0012,-16,474490.81850000005,5928372.457,-16,22151.927829,22188.927461,36.999633
474490.81850000005,5928372.457,-16,474477.9201999996,5928393.8726,-16,22188.927461,22213.927343,24.999881
474477.9201999996,5928393.8726,-16,474465.7399000004,5928414.551999999,-16,22213.927343,22237.927286,23.999944
474465.7399000004,5928414.551999999,-16,474453.7587000001,5928435.3473000005,-16,22237.927286,22261.927154,23.999868
474453.7587000001,5928435.3473000005,-16,474441.9776999997,5928456.2567,-16,22261.927154,22285.927049,23.999895
474441.9776999997,5928456.2567,-16,474430.3979000002,5928477.2783,-16,22285.927049,22309.927038,23.999988
474430.3979000002,5928477.2783,-16,474418.5508000003,5928499.2929,-16,22309.927038,22334.926965,24.999928
474418.5508000003,5928499.2929,-16,474407.3853000002,5928520.5373,-16,22334.926965,22358.926818,23.999853
474407.3853000002,5928520.5373,-16,474396.42420000024,5928541.8879,-16,22358.926818,22382.926689,23.999872
474396.42420000024,5928541.8879,-16,474385.66860000044,5928563.342800001,-16,22382.926689,22406.926599,23.999910
474385.66860000044,5928563.342800001,-16,474375.1194000002,5928584.9,-16,22406.926599,22430.926568,23.999969
474375.1194000002,5928584.9,-16,474364.77770000044,5928606.557399999,-16,22430.926568,22454.926437,23.999869
474364.77770000044,5928606.557399999,-16,474354.22670000046,5928629.2217,-16,22454.926437,22479.926319,24.999882
474354.22670000046,5928629.2217,-16,474343.9028000003,5928651.9904,-16,22479.926319,22504.926251,24.999932
474343.9028000003,5928651.9904,-16,474334.20660000015,5928673.944399999,-16,22504.926251,22528.926135,23.999884
474334.20660000015,5928673.944399999,-16,474324.7215999998,5928695.990499999,-16,22528.926135,22552.926046,23.999911
474324.7215999998,5928695.990499999,-16,474315.44859999977,5928718.126599999,-16,22552.926046,22576.925952,23.999905
474315.44859999977,5928718.126599999,-16,474306.3886000002,5928740.3508,-16,22576.925952,22600.925924,23.999972
474306.3886000002,5928740.3508,-16,474297.1783999996,5928763.5922,-16,22600.925924,22625.925733,24.999809
474297.1783999996,5928763.5922,-16,474288.5557000004,5928785.989700001,-16,22625.925733,22649.925711,23.999978
474288.5557000004,5928785.989700001,-16,474280.1484000003,5928808.468800001,-16,22649.925711,22673.925558,23.999846
474280.1484000003,5928808.468800001,-16,474271.62069999985,5928831.9693,-16,22673.925558,22698.925461,24.999903
474271.62069999985,5928831.9693,-16,474263.6556000002,5928854.608899999,-16,22698.925461,22722.925343,23.999881
474263.6556000002,5928854.608899999,-16,474255.5900999997,5928878.272,-16,22722.925343,22747.925234,24.999892
474255.5900999997,5928878.272,-16,474248.07019999996,5928901.0634,-16,22747.925234,22771.925168,23.999934
474248.07019999996,5928901.0634,-16,474240.76939999964,5928923.925899999,-16,22771.925168,22795.925076,23.999908
474240.76939999964,5928923.925899999,-16,474233.68850000016,5928946.8575,-16,22795.925076,22819.925022,23.999946
474233.68850000016,5928946.8575,-16,474226.82799999975,5928969.856000001,-16,22819.925022,22843.924969,23.999947
474226.82799999975,5928969.856000001,-16,474219.9167999998,5928993.8816,-16,22843.924969,22868.924852,24.999883
474219.9167999998,5928993.8816,-16,474213.24619999994,5929017.975099999,-16,22868.924852,22893.924725,24.999873
474213.24619999994,5929017.975099999,-16,474207.0694000004,5929041.1665,-16,22893.924725,22917.924598,23.999873
474207.0694000004,5929041.1665,-16,474201.1155000003,5929064.416200001,-16,22917.924598,22941.924545,23.999947
474201.1155000003,5929064.416200001,-16,474195.3850999996,5929087.721899999,-16,22941.924545,22965.924402,23.999857
474195.3850999996,5929087.721899999,-16,474189.87870000023,5929111.081599999,-16,22965.924402,22989.924320,23.999917
474189.87870000023,5929111.081599999,-16,474184.5968000004,5929134.493100001,-16,22989.924320,23013.924253,23.999933
474184.5968000004,5929134.493100001,-16,474179.3339999998,5929158.9328000005,-16,23013.924253,23038.924173,24.999920
474179.3339999998,5929158.9328000005,-16,474174.5120000001,5929182.443299999,-16,23038.924173,23062.924075,23.999902
474174.5120000001,5929182.443299999,-16,474169.72919999994,5929206.9814,-16,23062.924075,23087.923945,24.999871
474169.72919999994,5929206.9814,-16,474165.3688000003,5929230.581900001,-16,23087.923945,23111.923876,23.999931
474165.3688000003,5929230.581900001,-16,474161.2352,5929254.223099999,-16,23111.923876,23135.923730,23.999854
474161.2352,5929254.223099999,-16,474157.32880000025,5929277.903000001,-16,23135.923730,23159.923681,23.999951
474157.32880000025,5929277.903000001,-16,474153.6497999998,5929301.619200001,-16,23159.923681,23183.923539,23.999858
474153.6497999998,5929301.619200001,-16,474150.1986999996,5929325.3697,-16,23183.923539,23207.923463,23.999924
474150.1986999996,5929325.3697,-16,474146.9757000003,5929349.1522,-16,23207.923463,23231.923359,23.999897
474146.9757000003,5929349.1522,-16,474143.8613999998,5929373.9574,-16,23231.923359,23256.923295,24.999936
474143.8613999998,5929373.9574,-16,474140.9952999996,5929398.7925,-16,23256.923295,23281.923230,24.999934
474140.9952999996,5929398.7925,-16,474138.47759999987,5929422.6599,-16,23281.923230,23305.923055,23.999825
474138.47759999987,5929422.6599,-16,474136.1891999999,5929446.5505,-16,23305.923055,23329.923003,23.999949
474136.1891999999,5929446.5505,-16,474134.13019999955,5929470.4618999995,-16,23329.923003,23353.922890,23.999886
474134.13019999955,5929470.4618999995,-16,474132.08829999994,5929497.384500001,-16,23353.922890,23380.922811,26.999921
474132.08829999994,5929497.384500001,-16,474130.3969999999,5929523.329299999,-16,23380.922811,23406.922679,25.999868
474130.3969999999,5929523.329299999,-16,474128.97559999954,5929549.2903,-16,23406.922679,23432.922562,25.999883
474128.97559999954,5929549.2903,-16,474127.8241999997,5929575.264699999,-16,23432.922562,23458.922469,25.999907
474127.8241999997,5929575.264699999,-16,474127.78529999964,5929576.263900001,-15,23458.922469,23460.336652,1.414183
474127.78529999964,5929576.263900001,-15,474127.63379999995,5929580.261,-15,23460.336652,23464.336622,3.999970
474127.63379999995,5929580.261,-15,474127.59690000024,5929581.260399999,-16,23464.336622,23465.750893,1.414271
474127.59690000024,5929581.260399999,-16,474126.9145999998,5929602.2491999995,-16,23465.750893,23486.750780,20.999887
474126.9145999998,5929602.2491999995,-16,474126.40859999973,5929623.243000001,-16,23486.750780,23507.750677,20.999897
474126.40859999973,5929623.243000001,-16,474126.09059999976,5929643.240499999,-16,23507.750677,23527.750705,20.000028
474126.09059999976,5929643.240499999,-16,474125.92899999954,5929664.239800001,-16,23527.750705,23548.750627,20.999922
474125.92899999954,5929664.239800001,-16,474125.9732999997,5929690.239600001,-16,23548.750627,23574.750465,25.999838
474125.9732999997,5929690.239600001,-16,474126.27080000006,5929715.2377,-16,23574.750465,23599.750335,24.999870
474126.27080000006,5929715.2377,-16,474126.8183000004,5929740.2316,-16,23599.750335,23624.750231,24.999896
474126.8183000004,5929740.2316,-16,474127.6157999998,5929765.218800001,-16,23624.750231,23649.750154,24.999923
474127.6157999998,5929765.218800001,-16,474128.7576000001,5929792.194499999,-16,23649.750154,23676.750008,26.999854
474128.7576000001,5929792.194499999,-16,474128.8054999998,5929793.193399999,-15,23676.750008,23678.164255,1.414247
474128.8054999998,5929793.193399999,-15,474130.54870000016,5929825.1457,-15,23678.164255,23710.164071,31.999816
474130.54870000016,5929825.1457,-15,474132.7746000001,5929858.0703,-15,23710.164071,23743.163828,32.999756
474132.7746000001,5929858.0703,-15,474135.26130000036,5929888.9702,-15,23743.163828,23774.163626,30.999798
474135.26130000036,5929888.9702,-15,474138.22979999986,5929920.832,-15,23774.163626,23806.163412,31.999786
474138.22979999986,5929920.832,-15,474141.49430000037,5929951.659399999,-15,23806.163412,23837.163179,30.999767
474141.49430000037,5929951.659399999,-15,474145.2648,5929983.4363,-15,23837.163179,23869.162992,31.999813
474145.2648,5929983.4363,-15,474148.89740000013,5930011.1995,-15,23869.162992,23897.162832,27.999840
474148.89740000013,5930011.1995,-15,474152.8406999996,5930038.920299999,-15,23897.162832,23925.162696,27.999864
474152.8406999996,5930038.920299999,-15,474152.98730000015,5930039.909499999,-16,23925.162696,23926.576912,1.414216
474152.98730000015,5930039.909499999,-16,474153.4293999998,5930042.876700001,-16,23926.576912,23929.576867,2.999955
474153.4293999998,5930042.876700001,-16,474213.27219999954,5930501.993100001,-16,23929.576867,24392.576899,463.000032
474213.27219999954,5930501.993100001,-16,474213.4014999997,5930502.9847,-19,24392.576899,24395.739175,3.162276
474213.4014999997,5930502.9847,-19,474273.62990000006,5930965.076099999,-19,24395.739175,24861.739091,465.999916
474273.62990000006,5930965.076099999,-19,474273.7591000004,5930966.0678,-24,24861.739091,24866.838127,5.099035
474273.7591000004,5930966.0678,-24,474333.9874999998,5931428.1592,-24,24866.838127,25332.838043,465.999916
474333.9874999998,5931428.1592,-24,474334.11679999996,5931429.150900001,-25,25332.838043,25334.252323,1.414280
474334.11679999996,5931429.150900001,-25,474394.34520000033,5931891.2423,-25,25334.252323,25800.252239,465.999916
474394.34520000033,5931891.2423,-25,474394.47449999955,5931892.233899999,-22,25800.252239,25803.414515,3.162276
474394.47449999955,5931892.233899999,-22,474454.7028999999,5932354.3254,-22,25803.414515,26269.414531,466.000016
474454.7028999999,5932354.3254,-22,474454.83210000023,5932355.317,-20,26269.414531,26271.650590,2.236060
474454.83210000023,5932355.317,-20,474515.1897999998,5932818.4001,-20,26271.650590,26738.650601,467.000010
474515.1897999998,5932818.4001,-20,474515.31900000013,5932819.3917,-17,26738.650601,26741.812872,3.162272
474515.31900000013,5932819.3917,-17,474575.54750000034,5933281.483200001,-17,26741.812872,27207.812901,466.000029
474575.54750000034,5933281.483200001,-17,474575.6766999997,5933282.4748,-19,27207.812901,27210.048961,2.236060
474575.6766999997,5933282.4748,-19,474694.7117999997,5934195.7501,-19,27210.048961,28131.049031,921.000070
474694.7117999997,5934195.7501,-19,474696.2627999997,5934207.6493999995,-19,28131.049031,28143.048986,11.999956
474696.2627999997,5934207.6493999995,-19,474696.392,5934208.641000001,-18,28143.048986,28144.463187,1.414201
474696.392,5934208.641000001,-18,474705.4391999999,5934278.0539,-18,28144.463187,28214.463205,70.000018
474705.4391999999,5934278.0539,-18,474705.56850000005,5934279.045499999,-17,28214.463205,28215.877415,1.414210
474705.56850000005,5934279.045499999,-17,474756.6205000002,5934670.7325,-17,28215.877415,28610.877431,395.000016
474756.6205000002,5934670.7325,-17,474756.7496999996,5934671.724099999,-18,28610.877431,28612.291631,1.414201
474756.7496999996,5934671.724099999,-18,474816.97809999995,5935133.8156,-18,28612.291631,29078.291647,466.000016
474816.97809999995,5935133.8156,-18,474817.1074000001,5935134.8072,-19,29078.291647,29079.705857,1.414210
474817.1074000001,5935134.8072,-19,474937.82270000037,5936060.9734000005,-19,29079.705857,30013.705864,934.000007
474937.82270000037,5936060.9734000005,-19,474937.9519999996,5936061.965,-20,30013.705864,30015.120074,1.414210
474937.9519999996,5936061.965,-20,474966.90299999993,5936284.086200001,-20,30015.120074,30239.120047,223.999973
474966.90299999993,5936284.086200001,-20,474998.18039999995,5936524.056500001,-20,30239.120047,30481.120089,242.000043
474998.18039999995,5936524.056500001,-20,474998.30960000027,5936525.0481,-19,30481.120089,30482.534290,1.414201
474998.30960000027,5936525.0481,-19,475118.8957000002,5937450.2227,-19,30482.534290,31415.534315,933.000026
475118.8957000002,5937450.2227,-19,475119.0250000004,5937451.214299999,-18,31415.534315,31416.948525,1.414210
475119.0250000004,5937451.214299999,-18,475239.7402999997,5938377.3805,-18,31416.948525,32350.948532,934.000007
475239.7402999997,5938377.3805,-18,475239.86950000003,5938378.372099999,-17,32350.948532,32352.362733,1.414201
475239.86950000003,5938378.372099999,-17,475280.8404000001,5938692.713300001,-17,32352.362733,32669.362740,317.000007
475280.8404000001,5938692.713300001,-17,475280.9696000004,5938693.7049,-16,32669.362740,32670.776941,1.414201
475280.9696000004,5938693.7049,-16,475360.4556,5939303.546700001,-16,32670.776941,33285.776978,615.000037
475360.4556,5939303.546700001,-16,475360.58490000013,5939304.5383,-17,33285.776978,33287.191187,1.414210
475360.58490000013,5939304.5383,-17,475410.7320999997,5939689.284,-17,33287.191187,33675.191181,387.999994
475410.7320999997,5939689.284,-17,475412.30119999964,5939708.218599999,-17,33675.191181,33694.190685,18.999504
475412.30119999964,5939708.218599999,-17,475413.8485000003,5939729.1614,-17,33694.190685,33715.190566,20.999881
475413.8485000003,5939729.1614,-17,475415.2198999999,5939750.116599999,-17,33715.190566,33736.190594,21.000027
475415.2198999999,5939750.116599999,-17,475416.4151999997,5939771.0825,-17,33736.190594,33757.190539,20.999945
475416.4151999997,5939771.0825,-17,475417.3898,5939791.058599999,-17,33757.190539,33777.190400,19.999860
475417.3898,5939791.058599999,-17,475418.2411000002,5939812.041300001,-17,33777.190400,33798.190362,20.999962
475418.2411000002,5939812.041300001,-17,475418.91610000003,5939833.0304000005,-17,33798.190362,33819.190313,20.999951
475418.91610000003,5939833.0304000005,-17,475419.39499999955,5939853.024599999,-17,33819.190313,33839.190247,19.999934
475419.39499999955,5939853.024599999,-17,475419.72580000013,5939874.0219,-17,33839.190247,33860.190153,20.999906
475419.72580000013,5939874.0219,-17,475419.87679999974,5939894.021299999,-17,33860.190153,33880.190123,19.999970
475419.87679999974,5939894.021299999,-17,475419.8630999997,5939915.021299999,-17,33880.190123,33901.190127,21.000004
475419.8630999997,5939915.021299999,-17,475419.6860999996,5939935.020400001,-17,33901.190127,33921.190011,19.999883
475419.6860999996,5939935.020400001,-17,475419.3491000002,5939955.0175,-17,33921.190011,33941.189950,19.999939
475419.3491000002,5939955.0175,-17,475418.8230999997,5939976.0109,-17,33941.189950,33962.189939,20.999989
475418.8230999997,5939976.0109,-17,475418.1207999997,5939996.9991,-17,33962.189939,33983.189885,20.999947
475418.1207999997,5939996.9991,-17,475417.2879999997,5940016.981699999,-17,33983.189885,34003.189832,19.999946
475417.2879999997,5940016.981699999,-17,475416.2416000003,5940037.955499999,-17,34003.189832,34024.189718,20.999887
475416.2416000003,5940037.955499999,-17,475415.0811999999,5940057.921800001,-17,34024.189718,34044.189710,19.999992
475415.0811999999,5940057.921800001,-17,475413.7611999996,5940077.8781,-17,34044.189710,34064.189618,19.999908
475413.7611999996,5940077.8781,-17,475412.2034,5940098.8202,-17,34064.189618,34085.189577,20.999959
475412.2034,5940098.8202,-17,475410.46970000025,5940119.748400001,-17,34085.189577,34106.189465,20.999887
475410.46970000025,5940119.748400001,-17,475408.6551999999,5940139.665899999,-17,34106.189465,34126.189445,19.999980
475408.6551999999,5940139.665899999,-17,475406.6814000001,5940159.5682,-17,34126.189445,34146.189381,19.999936
475406.6814000001,5940159.5682,-17,475404.43759999983,5940180.448000001,-17,34146.189381,34167.189397,21.000016
475404.43759999983,5940180.448000001,-17,475401.5378999999,5940205.279100001,-17,34167.189397,34192.189233,24.999836
475401.5378999999,5940205.279100001,-17,475398.38999999966,5940230.08,-17,34192.189233,34217.189111,24.999878
475398.38999999966,5940230.08,-17,475398.2589999996,5940231.0714,-16,34217.189111,34218.603337,1.414226
475398.2589999996,5940231.0714,-16,475394.99430000037,5940254.848200001,-16,34218.603337,34242.603222,23.999885
475394.99430000037,5940254.848200001,-16,475391.8013000004,5940276.6152,-16,34242.603222,34264.603166,21.999944
475391.8013000004,5940276.6152,-16,475388.4168999996,5940298.3533,-16,34264.603166,34286.603147,21.999981
475388.4168999996,5940298.3533,-16,475384.84140000027,5940320.060699999,-16,34286.603147,34308.603043,21.999896
475384.84140000027,5940320.060699999,-16,475381.07490000036,5940341.7358,-16,34308.603043,34330.602963,21.999920
475381.07490000036,5940341.7358,-16,475375.25629999954,5940373.202099999,-16,34330.602963,34362.602715,31.999752
475375.25629999954,5940373.202099999,-16,475369.23589999974,5940403.6117,-16,34362.602715,34393.602537,30.999822
475369.23589999974,5940403.6117,-16,475362.83889999986,5940433.9443,-16,34393.602537,34424.602348,30.999810
475362.83889999986,5940433.9443,-16,475355.8415000001,5940465.1697,-16,34424.602348,34456.602179,31.999831
475355.8415000001,5940465.1697,-16,475348.6821999997,5940495.3314,-16,34456.602179,34487.601917,30.999737
475348.6821999997,5940495.3314,-16,475340.90020000003,5940526.3705,-16,34487.601917,34519.601686,31.999770
475340.90020000003,5940526.3705,-16,475332.72169999965,5940557.307499999,-16,34519.601686,34551.601465,31.999779
475332.72169999965,5940557.307499999,-16,475324.42169999983,5940587.1755,-16,34551.601465,34582.601262,30.999797
475324.42169999983,5940587.1755,-16,475318.8705000002,5940606.389699999,-16,34582.601262,34602.601294,20.000033
475318.8705000002,5940606.389699999,-16,475313.1659000004,5940625.558800001,-16,34602.601294,34622.601216,19.999921
475313.1659000004,5940625.558800001,-16,475292.05040000007,5940694.3928,-16,34622.601216,34694.601104,71.999888
475292.05040000007,5940694.3928,-16,475291.7566999998,5940695.3488,-18,34694.601104,34696.837216,2.236112
475291.7566999998,5940695.3488,-18,475291.4631000003,5940696.3047,-18,34696.837216,34697.837189,0.999973
475291.4631000003,5940696.3047,-18,475291.1694,5940697.260600001,-17,34697.837189,34699.251404,1.414215
475291.1694,5940697.260600001,-17,475149.3354000002,5941158.9662,-17,34699.251404,35182.251346,482.999943
475149.3354000002,5941158.9662,-17,475149.04169999994,5941159.9221,-22,35182.251346,35187.350366,5.099020
475149.04169999994,5941159.9221,-22,474864.199,5942087.1570999995,-22,35187.350366,36157.350423,970.000056
474864.199,5942087.1570999995,-22,474863.9053999996,5942088.113,-21,36157.350423,36158.764617,1.414194
474863.9053999996,5942088.113,-21,474853.04030000046,5942123.481799999,-21,36158.764617,36195.764650,37.000033
474853.04030000046,5942123.481799999,-21,474478.92729999963,5943341.313999999,-21,36195.764650,37469.764573,1273.999923
474478.92729999963,5943341.313999999,-21,474478.6336000003,5943342.27,-22,37469.764573,37471.178855,1.414283
474478.6336000003,5943342.27,-22,474150.9177000001,5944409.0681,-22,37471.178855,38587.178809,1115.999954
474150.9177000001,5944409.0681,-22,474150.62399999984,5944410.024,-21,38587.178809,38588.593025,1.414215
474150.62399999984,5944410.024,-21,473937.7262000004,5945103.0604,-21,38588.593025,39313.592973,724.999948
473937.7262000004,5945103.0604,-21,473937.4325000001,5945104.0163,-20,39313.592973,39315.007188,1.414215
473937.4325000001,5945104.0163,-20,473723.0663999999,5945801.8323,-20,39315.007188,40045.007184,729.999996
473723.0663999999,5945801.8323,-20,473722.7726999996,5945802.7882,-23,40045.007184,40048.169463,3.162278
473722.7726999996,5945802.7882,-23,473580.35140000004,5946266.4057,-23,40048.169463,40533.169476,485.000013
473580.35140000004,5946266.4057,-23,473580.0576999998,5946267.3616,-24,40533.169476,40534.583691,1.414215
473580.0576999998,5946267.3616,-24,473437.6364000002,5946730.9791,-24,40534.583691,41019.583705,485.000013
473437.6364000002,5946730.9791,-24,473437.3426999999,5946731.9350000005,-23,41019.583705,41020.997920,1.414215
473437.3426999999,5946731.9350000005,-23,473396.8186999997,5946863.8509,-23,41020.997920,41158.997917,137.999997
473396.8186999997,5946863.8509,-23,473396.5250000004,5946864.8068,-24,41158.997917,41160.412132,1.414215
473396.5250000004,5946864.8068,-24,473352.7708999999,5947007.2378,-24,41160.412132,41309.412169,149.000037
473352.7708999999,5947007.2378,-24,473294.92140000034,5947195.5525,-24,41309.412169,41506.412146,196.999977
473294.92140000034,5947195.5525,-24,473294.62770000007,5947196.508400001,-23,41506.412146,41507.826361,1.414215
473294.62770000007,5947196.508400001,-23,472586.63210000005,5949501.2129999995,-23,41507.826361,43918.826374,2411.000013
472586.63210000005,5949501.2129999995,-23,472586.3384999996,5949502.1689,-24,43918.826374,43920.240569,1.414194
472586.3384999996,5949502.1689,-24,472438.9249999998,5949982.036900001,-24,43920.240569,44422.240606,502.000037
472438.9249999998,5949982.036900001,-24,472438.6314000003,5949982.992799999,-25,44422.240606,44423.654800,1.414194
472438.6314000003,5949982.992799999,-25,472316.47200000007,5950380.6523,-25,44423.654800,44839.654797,415.999996
472316.47200000007,5950380.6523,-25,472316.1783999996,5950381.608200001,-26,44839.654797,44841.068991,1.414194
472316.1783999996,5950381.608200001,-26,472296.20999999996,5950446.610300001,-26,44841.068991,44909.069065,68.000074
472296.20999999996,5950446.610300001,-26,472295.91640000045,5950447.566199999,-27,44909.069065,44910.483259,1.414194
472295.91640000045,5950447.566199999,-27,472011.0736999996,5951374.801100001,-27,44910.483259,45880.483220,969.999961
472011.0736999996,5951374.801100001,-27,472010.78000000026,5951375.756999999,-28,45880.483220,45881.897435,1.414215
472010.78000000026,5951375.756999999,-28,471868.35869999975,5951839.374500001,-28,45881.897435,46366.897448,485.000013
471868.35869999975,5951839.374500001,-28,471868.0650000004,5951840.330399999,-27,46366.897448,46368.311663,1.414215
471868.0650000004,5951840.330399999,-27,471012.36230000015,5954625.858899999,-27,46368.311663,49282.311687,2914.000023
471012.36230000015,5954625.858899999,-27,471012.0686999997,5954626.8148,-26,49282.311687,49283.725881,1.414194
471012.0686999997,5954626.8148,-26,470441.5022999998,5956484.1524,-26,49283.725881,51226.725875,1942.999994
470441.5022999998,5956484.1524,-26,470441.2087000003,5956485.1083,-25,51226.725875,51228.140069,1.414194
470441.2087000003,5956485.1083,-25,470429.7561999997,5956522.388900001,-25,51228.140069,51267.140107,39.000037
470429.7561999997,5956522.388900001,-25,470429.4626000002,5956523.344799999,-26,51267.140107,51268.554301,1.414194
470429.4626000002,5956523.344799999,-26,470298.78729999997,5956948.7258,-26,51268.554301,51713.554334,445.000033
470298.78729999997,5956948.7258,-26,470298.49370000046,5956949.681700001,-25,51713.554334,51714.968528,1.414194
470298.49370000046,5956949.681700001,-25,470156.0723000001,5957413.2992,-25,51714.968528,52199.968571,485.000043
470156.0723000001,5957413.2992,-25,470155.7786999997,5957414.255100001,-22,52199.968571,52203.130840,3.162269
470155.7786999997,5957414.255100001,-22,470013.35730000027,5957877.8726,-22,52203.130840,52688.130883,485.000043
470013.35730000027,5957877.8726,-22,470013.0636999998,5957878.828500001,-21,52688.130883,52689.545077,1.414194
470013.0636999998,5957878.828500001,-21,469870.6423000004,5958342.446,-21,52689.545077,53174.545120,485.000043
469870.6423000004,5958342.446,-21,469870.3487,5958343.401900001,-20,53174.545120,53175.959314,1.414194
469870.3487,5958343.401900001,-20,469727.92729999963,5958807.019300001,-20,53175.959314,53660.959261,484.999947
469727.92729999963,5958807.019300001,-20,469727.6337000001,5958807.975299999,-19,53660.959261,53662.373523,1.414262
469727.6337000001,5958807.975299999,-19,469157.36099999957,5960664.357000001,-19,53662.373523,55604.373515,1941.999992
469157.36099999957,5960664.357000001,-19,469157.0673000002,5960665.312899999,-20,55604.373515,55605.787730,1.414215
469157.0673000002,5960665.312899999,-20,469014.6459999997,5961128.930400001,-20,55605.787730,56090.787744,485.000013
469014.6459999997,5961128.930400001,-20,469014.3523000004,5961129.886299999,-21,56090.787744,56092.201959,1.414215
469014.3523000004,5961129.886299999,-21,468871.93099999987,5961593.503699999,-21,56092.201959,56577.201877,484.999918
468871.93099999987,5961593.503699999,-21,468871.6372999996,5961594.4597,-22,56577.201877,56578.616160,1.414283
468871.6372999996,5961594.4597,-22,468816.4307000004,5961774.1712,-22,56578.616160,56766.616138,187.999978
468816.4307000004,5961774.1712,-22,468816.13709999993,5961775.1271,-23,56766.616138,56768.030332,1.414194
468816.13709999993,5961775.1271,-23,468586.79470000044,5962521.694599999,-23,56768.030332,57549.030312,780.999980
468586.79470000044,5962521.694599999,-23,468586.50100000016,5962522.6504999995,-23,57549.030312,57550.030315,1.000002
468586.50100000016,5962522.6504999995,-23,468586.2073999997,5962523.6064,-21,57550.030315,57552.266370,2.236056
468586.2073999997,5962523.6064,-21,468443.7860000003,5962987.2239,-21,57552.266370,58037.266413,485.000043
468443.7860000003,5962987.2239,-21,468443.4923999999,5962988.1798,-19,58037.266413,58039.502469,2.236056
468443.4923999999,5962988.1798,-19,468158.64969999995,5963915.4147,-19,58039.502469,59009.502430,969.999961
468158.64969999995,5963915.4147,-19,468149.0558000002,5963945.942500001,-19,59009.502430,59041.502265,31.999836
468149.0558000002,5963945.942500001,-19,468139.07189999986,5963976.344900001,-19,59041.502265,59073.502018,31.999753
468139.07189999986,5963976.344900001,-19,468128.69969999976,5964006.6171,-19,59073.502018,59105.501841,31.999822
468128.69969999976,5964006.6171,-19,468117.5985000003,5964037.693600001,-19,59105.501841,59138.501621,32.999780
468117.5985000003,5964037.693600001,-19,468106.4428000003,5964067.685799999,-19,59138.501621,59170.501335,31.999714
468106.4428000003,5964067.685799999,-19,468094.90419999976,5964097.5329,-19,59170.501335,59202.501158,31.999823
468094.90419999976,5964097.5329,-19,468082.9844000004,5964127.229800001,-19,59202.501158,59234.500962,31.999805
468082.9844000004,5964127.229800001,-19,468070.2951999996,5964157.692299999,-19,59234.500962,59267.500655,32.999692
468070.2951999996,5964157.692299999,-19,468057.6074000001,5964187.0693,-19,59267.500655,59299.500474,31.999819
468057.6074000001,5964187.0693,-19,468049.48699999973,5964205.3465,-19,59299.500474,59319.500397,19.999923
468049.48699999973,5964205.3465,-19,468041.2207000004,5964223.5582,-19,59319.500397,59339.500340,19.999943
468041.2207000004,5964223.5582,-19,468032.8088999996,5964241.703199999,-19,59339.500340,59359.500325,19.999985
468032.8088999996,5964241.703199999,-19,468024.2522999998,5964259.780300001,-19,59359.500325,59379.500249,19.999924
468024.2522999998,5964259.780300001,-19,468010.70440000016,5964287.663000001,-19,59379.500249,59410.500097,30.999848
468010.70440000016,5964287.663000001,-19,468010.26159999985,5964288.559599999,-20,59410.500097,59411.914297,1.414201
468010.26159999985,5964288.559599999,-20,468003.1283999998,5964302.8815,-20,59411.914297,59427.914278,15.999980
468003.1283999998,5964302.8815,-20,467988.12760000024,5964332.274700001,-20,59427.914278,59460.914038,32.999761
467988.12760000024,5964332.274700001,-20,467973.2120000003,5964360.5856,-20,59460.914038,59492.913760,31.999722
467973.2120000003,5964360.5856,-20,467957.9352000002,5964388.703400001,-20,59492.913760,59524.913624,31.999864
467957.9352000002,5964388.703400001,-20,467941.8054999998,5964417.4925,-20,59524.913624,59557.913313,32.999689
467941.8054999998,5964417.4925,-20,467925.80289999954,5964445.203600001,-20,59557.913313,59589.913130,31.999817
467925.80289999954,5964445.203600001,-20,467909.4469999997,5964472.707599999,-20,59589.913130,59621.912903,31.999773
467909.4469999997,5964472.707599999,-20,467892.7402999997,5964500,-20,59621.912903,59653.912730,31.999827
467892.7402999997,5964500,-20,467875.14719999954,5964527.9189,-20,59653.912730,59686.912459,32.999729
467875.14719999954,5964527.9189,-20,467857.73670000024,5964554.7677,-20,59686.912459,59718.912203,31.999743
467857.73670000024,5964554.7677,-20,467839.42370000016,5964582.219799999,-20,59718.912203,59751.911957,32.999754
467839.42370000016,5964582.219799999,-20,467821.3211000003,5964608.607000001,-20,59751.911957,59783.911776,31.999820
467821.3211000003,5964608.607000001,-20,467802.8821999999,5964634.760199999,-20,59783.911776,59815.911509,31.999733
467802.8821999999,5964634.760199999,-20,467791.18850000016,5964650.985400001,-20,59815.911509,59835.911503,19.999993
467791.18850000016,5964650.985400001,-20,467779.3652999997,5964667.1164,-20,59835.911503,59855.911433,19.999930
467779.3652999997,5964667.1164,-20,467767.4134999998,5964683.1524,-20,59855.911433,59875.911403,19.999970
467767.4134999998,5964683.1524,-20,467755.33380000014,5964699.0922,-20,59875.911403,59895.911313,19.999909
467755.33380000014,5964699.0922,-20,467739.44020000007,5964719.6686,-20,59895.911313,59921.911212,25.999899
467739.44020000007,5964719.6686,-20,467738.82459999993,5964720.456700001,-21,59921.911212,59923.325449,1.414237
467738.82459999993,5964720.456700001,-21,467726.44739999995,5964736.1666,-21,59923.325449,59943.325350,19.999901
467726.44739999995,5964736.1666,-21,467705.7514000004,5964761.869999999,-21,59943.325350,59976.325186,32.999836
467705.7514000004,5964761.869999999,-21,467684.71800000034,5964787.297900001,-21,59976.325186,60009.324913,32.999727
467684.71800000034,5964787.297900001,-21,467663.35080000013,5964812.445900001,-21,60009.324913,60042.324597,32.999684
467663.35080000013,5964812.445900001,-21,467642.31570000015,5964836.5605,-21,60042.324597,60074.324431,31.999834
467642.31570000015,5964836.5605,-21,467632.34970000014,5964847.7711,-21,60074.324431,60089.324388,14.999957
467632.34970000014,5964847.7711,-21,467631.68290000036,5964848.5164,-22,60089.324388,60090.738635,1.414247
467631.68290000036,5964848.5164,-22,467610.18879999965,5964872.2227,-22,60090.738635,60122.738400,31.999766
467610.18879999965,5964872.2227,-22,467596.6015999997,5964886.898700001,-22,60122.738400,60142.738325,19.999924
467596.6015999997,5964886.898700001,-22,467582.89740000013,5964901.465500001,-22,60142.738325,60162.738244,19.999919
467582.89740000013,5964901.465500001,-22,467569.07710000034,5964915.9223,-22,60162.738244,60182.738238,19.999994
467569.07710000034,5964915.9223,-22,467555.1414999999,5964930.267999999,-22,60182.738238,60202.738239,20.000001
467555.1414999999,5964930.267999999,-22,467532.60730000027,5964952.9879,-22,60202.738239,60234.737990,31.999750
467532.60730000027,5964952.9879,-22,467509.06630000006,5964976.113700001,-22,60234.737990,60267.737706,32.999717
467509.06630000006,5964976.113700001,-22,467485.2220999999,5964998.9268,-22,60267.737706,60300.737455,32.999749
467485.2220999999,5964998.9268,-22,467461.8147,5965020.746099999,-22,60300.737455,60332.737271,31.999816
467461.8147,5965020.746099999,-22,467438.1300999997,5965042.2641,-22,60332.737271,60364.737030,31.999759
467438.1300999997,5965042.2641,-22,467413.41889999993,5965064.1351,-22,60364.737030,60397.736789,32.999758
467413.41889999993,5965064.1351,-22,467389.1827999996,5965085.029999999,-22,60397.736789,60429.736560,31.999772
467389.1827999996,5965085.029999999,-22,467364.68120000046,5965105.613,-22,60429.736560,60461.736377,31.999817
467364.68120000046,5965105.613,-22,467339.9183,5965125.880799999,-22,60461.736377,60493.736142,31.999765
467339.9183,5965125.880799999,-22,467314.8979000002,5965145.8299,-22,60493.736142,60525.735939,31.999797
467314.8979000002,5965145.8299,-22,467288.8304000003,5965166.065199999,-22,60525.735939,60558.735665,32.999726
467288.8304000003,5965166.065199999,-22,467263.29980000015,5965185.357100001,-22,60558.735665,60590.735492,31.999827
467263.29980000015,5965185.357100001,-22,467237.5245000003,5965204.320699999,-22,60590.735492,60622.735246,31.999753
467237.5245000003,5965204.320699999,-22,467210.6917000003,5965223.5296,-22,60622.735246,60655.734958,32.999712
467210.6917000003,5965223.5296,-22,467184.43200000003,5965241.8167,-22,60655.734958,60687.734799,31.999842
467184.43200000003,5965241.8167,-22,467157.10890000034,5965260.321599999,-22,60687.734799,60720.734544,32.999744
467157.10890000034,5965260.321599999,-22,467140.4314000001,5965271.3606,-22,60720.734544,60740.734507,19.999963
467140.4314000001,5965271.3606,-22,467123.66610000003,5965282.265799999,-22,60740.734507,60760.734474,19.999967
467123.66610000003,5965282.265799999,-22,467106.8141000001,5965293.036499999,-22,60760.734474,60780.734421,19.999947
467106.8141000001,5965293.036499999,-22,467089.87650000025,5965303.6721,-22,60780.734421,60800.734378,19.999957
467089.87650000025,5965303.6721,-22,467071.14749999996,5965315.214299999,-22,60800.734378,60822.734328,21.999950
467071.14749999996,5965315.214299999,-22,467070.2938000001,5965315.734999999,-23,60822.734328,60824.148518,1.414190
467070.2938000001,5965315.734999999,-23,467048.8833999997,5965328.641899999,-23,60824.148518,60849.148384,24.999866
467048.8833999997,5965328.641899999,-23,467021.2916000001,5965344.849300001,-23,60849.148384,60881.148184,31.999801
467021.2916000001,5965344.849300001,-23,466993.49459999986,5965360.702199999,-23,60881.148184,60913.147991,31.999807
466993.49459999986,5965360.702199999,-23,466964.6189000001,5965376.6764,-23,60913.147991,60946.147705,32.999714
466964.6189000001,5965376.6764,-23,466936.4190999996,5965391.801200001,-23,60946.147705,60978.147522,31.999817
466936.4190999996,5965391.801200001,-23,466908.02809999976,5965406.5638999995,-23,60978.147522,61010.147307,31.999784
466908.02809999976,5965406.5638999995,-23,466879.45050000027,5965420.961999999,-23,61010.147307,61042.147064,31.999758
466879.45050000027,5965420.961999999,-23,466850.6908999998,5965434.993100001,-23,61042.147064,61074.146851,31.999787
466850.6908999998,5965434.993100001,-23,466820.84700000007,5965449.0759,-23,61074.146851,61107.146603,32.999752
466820.84700000007,5965449.0759,-23,466792.6447999999,5965461.9453,-23,61107.146603,61138.146370,30.999767
466792.6447999999,5965461.9453,-23,466765.2023,5965474.0657,-23,61138.146370,61168.146285,29.999915
466765.2023,5965474.0657,-23,466736.6945000002,5965486.243100001,-23,61168.146285,61199.146023,30.999738
466736.6945000002,5965486.243100001,-23,466708.0378999999,5965498.066199999,-23,61199.146023,61230.145804,30.999781
466708.0378999999,5965498.066199999,-23,466679.2368000001,5965509.533,-23,61230.145804,61261.145656,30.999853
466679.2368000001,5965509.533,-23,466650.29580000043,5965520.641899999,-23,61261.145656,61292.145481,30.999825
466650.29580000043,5965520.641899999,-23,466621.2193,5965531.391000001,-23,61292.145481,61323.145255,30.999774
466621.2193,5965531.391000001,-23,466592.9559000004,5965541.4493,-23,61323.145255,61353.145075,29.999820
466592.9559000004,5965541.4493,-23,466563.6257999996,5965551.4858,-23,61353.145075,61384.144851,30.999776
466563.6257999996,5965551.4858,-23,466534.17349999957,5965561.1578,-23,61384.144851,61415.144618,30.999767
466534.17349999957,5965561.1578,-23,466503.6476999996,5965570.757999999,-23,61415.144618,61447.144435,31.999817
466503.6476999996,5965570.757999999,-23,466473.9610000001,5965579.684900001,-23,61447.144435,61478.144269,30.999834
466473.9610000001,5965579.684900001,-23,466453.7888000002,5965585.522700001,-23,61478.144269,61499.144211,20.999942
466453.7888000002,5965585.522700001,-23,466433.5683000004,5965591.1908,-23,61499.144211,61520.144115,20.999904
466433.5683000004,5965591.1908,-23,466413.30090000015,5965596.6888999995,-23,61520.144115,61541.144034,20.999919
466413.30090000015,5965596.6888999995,-23,466393.9562999997,5965601.7667,-23,61541.144034,61561.143974,19.999940
466393.9562999997,5965601.7667,-23,466374.5717000002,5965606.6896,-23,61561.143974,61581.143916,19.999942
466374.5717000002,5965606.6896,-23,466373.60140000004,5965606.931600001,-22,61581.143916,61582.558146,1.414230
466373.60140000004,5965606.931600001,-22,466357.09229999967,5965610.987500001,-22,61582.558146,61599.558167,17.000021
466357.09229999967,5965610.987500001,-22,466320.09250000026,5965619.6469,-22,61599.558167,61637.557777,37.999611
466320.09250000026,5965619.6469,-22,465566.0694000004,5965789.876700001,-22,61637.557777,62410.557790,773.000013
465566.0694000004,5965789.876700001,-22,465565.0939999996,5965790.096899999,-21,62410.557790,62411.971966,1.414176
465565.0939999996,5965790.096899999,-21,465279.28699999955,5965854.621200001,-21,62411.971966,62704.972011,293.000045
465279.28699999955,5965854.621200001,-21,465278.31159999967,5965854.841399999,-22,62704.972011,62706.386187,1.414176
465278.31159999967,5965854.841399999,-22,463910.7302000001,5966163.589299999,-22,62706.386187,64108.386241,1402.000054
463910.7302000001,5966163.589299999,-22,463909.7548000002,5966163.8094999995,-23,64108.386241,64109.800417,1.414176
463909.7548000002,5966163.8094999995,-23,463440.56319999974,5966269.735099999,-23,64109.800417,64590.800407,480.999990
463440.56319999974,5966269.735099999,-23,463439.58770000003,5966269.9553,-24,64590.800407,64592.214652,1.414245
463439.58770000003,5966269.9553,-24,463198.65160000045,5966324.350199999,-24,64592.214652,64839.214671,247.000019
463198.65160000045,5966324.350199999,-24,463171.37880000006,5966330.6894000005,-24,64839.214671,64867.214511,27.999841
463171.37880000006,5966330.6894000005,-24,463145.1489000004,5966337.0911,-24,64867.214511,64894.214315,26.999804
463145.1489000004,5966337.0911,-24,463118.9896,5966343.775800001,-24,64894.214315,64921.214208,26.999892
463118.9896,5966343.775800001,-24,463092.9040000001,5966350.7425,-24,64921.214208,64948.214086,26.999878
463092.9040000001,5966350.7425,-24,463059.2039999999,5966360.1921,-24,64948.214086,64983.213871,34.999785
463059.2039999999,5966360.1921,-24,463025.6397000002,5966370.112400001,-24,64983.213871,65018.213508,34.999637
463025.6397000002,5966370.112400001,-24,462992.21750000026,5966380.501700001,-24,65018.213508,65053.213237,34.999729
462992.21750000026,5966380.501700001,-24,462957.9956,5966391.674900001,-24,65053.213237,65089.212943,35.999706
462957.9956,5966391.674900001,-24,462924.8819000004,5966403.009099999,-24,65089.212943,65124.212674,34.999732
462924.8819000004,5966403.009099999,-24,462890.9911000002,5966415.149599999,-24,65124.212674,65160.212370,35.999695
462890.9911000002,5966415.149599999,-24,462857.27859999985,5966427.776799999,-24,65160.212370,65196.212076,35.999706
462857.27859999985,5966427.776799999,-24,462824.6802000003,5966440.5174,-24,65196.212076,65231.211770,34.999694
462824.6802000003,5966440.5174,-24,462816.32689999975,5966443.8673,-24,65231.211770,65240.211739,8.999969
462816.32689999975,5966443.8673,-24,462815.3995000003,5966444.2413,-25,65240.211739,65241.625934,1.414195
462815.3995000003,5966444.2413,-25,462783.0356999999,5966457.5666000005,-25,65241.625934,65276.625636,34.999702
462783.0356999999,5966457.5666000005,-25,462771.0628000004,5966462.631200001,-25,65276.625636,65289.625656,13.000020
462771.0628000004,5966462.631200001,-25,462269.66669999994,5966676.236,-25,65289.625656,65834.625711,545.000055
462269.66669999994,5966676.236,-25,462268.7467,5966676.627900001,-26,65834.625711,65836.039919,1.414208
462268.7467,5966676.627900001,-26,462168.5946000004,5966719.2947,-26,65836.039919,65944.901753,108.861834
